Workbook

Sheet Base
A1: Establecimientos educacionales de la comuna de Coquimbo
A2: Corte: 05.10.2026. Universo: 154 establecimientos con RBD vigentes en el Directorio Oficial MINEDUC 2025 + 9 jardines VTF del SLEP Puerto Cordillera. Gobiernos estudiantiles 2026 de la educación pública integrados según nómina del SLEP. Actualización 23.10.2026: se agregan las 2 instituciones de educación superior con sede en la comuna (Ceduc UCN y UCN Sede Coquimbo). Celdas amarillas: por completar.
A4: N° | B4: RBD | C4: Nombre | D4: Dependencia | E4: Niveles | F4: Zona | G4: Matrícula 2025 | H4: Director | I4: Fono institucional | J4: E-mail | K4: Dirección | L4: Aniversario | M4: Año de fundación | N4: Reconocimiento oficial (MINEDUC) | O4: Presidente/a centro de estudiantes | P4: Cargo (gobierno estudiantil) | Q4: Correo presidente/a CEAL | R4: Fuente CEAL | S4: Sitio web | T4: Sostenedor | U4: Latitud | V4: Longitud | W4: Fuente contacto | X4: Fuente aniversario | Y4: Observaciones
A5: 1 | B5: 623 | C5: Centro Laboral Jean Piaget | D5: Pública (SLEP Puerto Cordillera) | E5: Especial | F5: Urbana | G5: 56 | H5: Rosa Pérez Ramírez | I5: +56 51 231 4914 | J5: esc.jeanpiaget@slepuertocordillera.cl | K5: Miraflores N°525 – B | L5: 30 de junio | M5: 1972 | N5: Resolución exenta 10036 de fecha 15/12/1981 | O5: Diana Eliza Campos Barrera | P5: Presidenta de gobierno estudiantil | Q5: esc.jeanpiaget@slepuertocordillera.cl (correo del establecimiento) | R5: SLEP Puerto Cordillera, nómina presidentas/es centros de estudiantes 2026 | T5: Servicio Local De Educación Pública Puerto Cordillera | U5: -29.967146 | V5: -71.326401 | W5: SLEP Puerto Cordillera, tabla de establecimientos (act. 07.05.2026) | X5: PEI del establecimiento (MINEDUC)
A6: 2 | B6: 616 | C6: Colegio Cardenal Jose Maria Caro | D6: Pública (SLEP Puerto Cordillera) | E6: Parvularia, Básica, Media HC | F6: Urbana | G6: 651 | H6: Domitila Pérez Díaz | I6: +56 44 369 1107 | J6: esc.cardenaljosemariacaro@slepuertocordillera.cl | K6: Cardenal Caro N°701- sector El Llano | L6: Sin información | M6: Sin información | N6: Resolución exenta 10049 de fecha 15/12/1981 | O6: Annais Victoria Badilla Valdivia | P6: Presidenta | Q6: annaisbadillavaldivia@gmail.com | R6: SLEP Puerto Cordillera, nómina presidentas/es centros de estudiantes 2026 | T6: Servicio Local De Educación Pública Puerto Cordillera | U6: -29.96734 | V6: -71.339104 | W6: SLEP Puerto Cordillera, tabla de establecimientos (act. 07.05.2026) | Y6: Director según tabla SLEP; MIME registra a Eduardo Andrés Alfaro Espinoza: confirmar
A7: 3 | B7: 629 | C7: Colegio Pablo Neruda | D7: Pública (SLEP Puerto Cordillera) | E7: Parvularia, Básica, Media HC, Media TP | F7: Rural | G7: 741 | H7: Manuel Salas López | I7: +56 51 223 9861 | J7: col.pabloneruda@slepuertocordillera.cl | K7: RUTA D409 Km 18 – Camino Interior N°9505 – Pan de Azúcar | L7: Julio (celebración) | M7: 1891 | N7: Resolución exenta 10046 de fecha 15/12/1981 | O7: Antonia Vera Cofré | P7: Presidenta | Q7: cofre.antonia30@gmail.com | R7: SLEP Puerto Cordillera, nómina presidentas/es centros de estudiantes 2026 | T7: Servicio Local De Educación Pública Puerto Cordillera | U7: -30.05068 | V7: -71.252403 | W7: SLEP Puerto Cordillera, tabla de establecimientos (act. 07.05.2026) | X7: Noticias SLEP Puerto Cordillera (128 años, julio 2019) | Y7: Director según tabla SLEP; MIME registra a Carla Francisca Álvarez Ibáñez: confirmar
A8: 4 | B8: 617 | C8: Colegio Santa Cecilia | D8: Pública (SLEP Puerto Cordillera) | E8: Parvularia, Básica | F8: Urbana | G8: 239 | H8: Carola Alejandra Gutiérrez Piqueres | I8: +56 44 369 5859 | J8: col.santacecilia@slepuertocordillera.cl | K8: Borgoño N°1100 – sector parte Alta | L8: 7 de agosto | M8: 1963 | N8: Resolución exenta 10050 de fecha 01/01/2002 | O8: Renato Martinez Torres | P8: Presidente | Q8: maticito_26@hotmail.com | R8: SLEP Puerto Cordillera, nómina presidentas/es centros de estudiantes 2026 | T8: Servicio Local De Educación Pública Puerto Cordillera | U8: -29.953659 | V8: -71.343246 | W8: SLEP Puerto Cordillera, tabla de establecimientos (act. 07.05.2026) | X8: PEI del establecimiento (MINEDUC); Noticias SLEP Puerto Cordillera | Y8: Asumió por concurso de Alta Dirección Pública (SLEP, noticia 04.05.2026); la tabla del SLEP aún muestra al director anterior
A9: 5 | B9: 613 | C9: Colegio de Artes Claudio Arrau | D9: Pública (SLEP Puerto Cordillera) | E9: Parvularia, Básica, Media HC | F9: Urbana | G9: 755 | H9: Jorge Alberto Ríos Ruiz | I9: +56 51 232 8751 | J9: col.artesclaudioarrau@slepuertocordillera.cl | K9: Avda. Videla N°199 | L9: 3 de septiembre (PEI); el acto se ha celebrado en mayo | M9: 1834 | N9: Resolución exenta 10034 de fecha 15/12/1981 | O9: Amparo Daira Yañez Nuñez | P9: Presidenta | Q9: ayanezn2872@gmail.com | R9: SLEP Puerto Cordillera, nómina presidentas/es centros de estudiantes 2026 | S9: www.arraucoquimbo.cl | T9: Servicio Local De Educación Pública Puerto Cordillera | U9: -29.961269 | V9: -71.338287 | W9: SLEP Puerto Cordillera, tabla de establecimientos (act. 07.05.2026) | X9: PEI del establecimiento (MINEDUC); Noticias SLEP Puerto Cordillera (177° aniversario, mayo 2019) | Y9: Según MIME; el director que figura en la tabla del SLEP (Carlos Videla) pasó al IAC Estado de Israel en mayo de 2026: confirmar si es titular o subrogante
A10: 6 | B10: 630 | C10: Colegio la Herradura | D10: Pública (SLEP Puerto Cordillera) | E10: Parvularia, Básica | F10: Urbana | G10: 358 | H10: Ernesto Lizana Valdivia | I10: +56 51 226 0370 | J10: col.laherradura@slepuertocordillera.cl | K10: La Ermita N°355 – La Herradura | L10: Octubre (celebración) | M10: 1853 | N10: Resolución exenta 10051 de fecha 15/12/1981 | O10: Damián Rojas Contreras | P10: Presidente | Q10: col.laherradura@slepuertocordillera.cl (correo del establecimiento) | R10: SLEP Puerto Cordillera, nómina presidentas/es centros de estudiantes 2026 | T10: Servicio Local De Educación Pública Puerto Cordillera | U10: -29.98613 | V10: -71.361214 | W10: SLEP Puerto Cordillera, tabla de establecimientos (act. 07.05.2026) | X10: PEI del establecimiento (MINEDUC); Noticias SLEP Puerto Cordillera | Y10: Director según tabla SLEP; MIME registra a Sergio Eduardo Carrasset Godoy: confirmar
A11: 7 | B11: 626 | C11: Escuela Basica David Leon Tapia | D11: Pública (SLEP Puerto Cordillera) | E11: Parvularia, Básica, Especial | F11: Urbana | G11: 668 | H11: Juan Humberto Cabrera Olivares | I11: +56 44 369 1097 | J11: esc.davidleontapia@slepuertocordillera.cl | K11: Federico Silva N°210 – Tongoy | L11: 17 de febrero | M11: 1872 | N11: Resolución exenta 10067 de fecha 15/12/1981 | O11: Amaral Véliz Rojas | P11: Presidenta de gobierno estudiantil | Q11: amaralveliz339@gmail.com | R11: SLEP Puerto Cordillera, nómina presidentas/es centros de estudiantes 2026 | T11: Servicio Local De Educación Pública Puerto Cordillera | U11: -30.26317 | V11: -71.489883 | W11: SLEP Puerto Cordillera, tabla de establecimientos (act. 07.05.2026) | X11: PEI del establecimiento (MINEDUC)
A12: 8 | B12: 632 | C12: Escuela Basica Manuel de Salas | D12: Pública (SLEP Puerto Cordillera) | E12: Parvularia, Básica | F12: Urbana | G12: 394 | H12: Marcia Castro Valenzuela | I12: +56 44 369 1101 | J12: esc.manueldesalas@slepuertocordillera.cl | K12: El Ocaso N°310 – Guanaqueros | L12: 27 de marzo | M12: 1947 | N12: Resolución exenta 10038 de fecha 01/01/1981 | O12: Gustavo Alonso Vega Vega | P12: Presidente | Q12: gustavovegavega2@gmail.com | R12: SLEP Puerto Cordillera, nómina presidentas/es centros de estudiantes 2026 | T12: Servicio Local De Educación Pública Puerto Cordillera | U12: -30.19949 | V12: -71.429733 | W12: SLEP Puerto Cordillera, tabla de establecimientos (act. 07.05.2026) | X12: PEI del establecimiento (MINEDUC)
A13: 9 | B13: 621 | C13: Escuela Basica Mario Munoz Silva | D13: Pública (SLEP Puerto Cordillera) | E13: Parvularia, Básica | F13: Urbana | G13: 213 | H13: Jacqueline Palacios Araya | I13: +56 44 368 9693 | J13: esc.mariomunoz@slepuertocordillera.cl | K13: Miraflores N°750 | L13: 16 de junio | M13: 1927 | N13: Resolución exenta 10059 de fecha 15/12/1981 | O13: Monserrat Pérez Olivares | P13: Presidenta | Q13: esc.mariomunoz@slepuertocordillera.cl (correo del establecimiento) | R13: SLEP Puerto Cordillera, nómina presidentas/es centros de estudiantes 2026 | T13: Servicio Local De Educación Pública Puerto Cordillera | U13: -29.967279 | V13: -71.327621 | W13: SLEP Puerto Cordillera, tabla de establecimientos (act. 07.05.2026) | X13: PEI del establecimiento (MINEDUC) | Y13: Director según tabla SLEP; MIME registra a Patricia Milena Maya Podestá: confirmar
A14: 10 | B14: 13557 | C14: Escuela Basica Republica de Italia | D14: Pública (SLEP Puerto Cordillera) | E14: Parvularia, Básica | F14: Urbana | G14: 263 | H14: Jenny Vivian Salinas Rosales | I14: +56 44 369 1091 | J14: esc.republicadeitalia@slepuertocordillera.cl | K14: Regimiento Arica N°1401 | L14: 30 de junio (resolución); acto en julio | M14: 2005 | N14: Resolución exenta 2263 de fecha 30/06/2005 | O14: Micaela Acebo Flores | P14: Presidenta | Q14: esc.republicadeitalia@slepuertocordillera.cl (correo del establecimiento) | R14: SLEP Puerto Cordillera, nómina presidentas/es centros de estudiantes 2026 | T14: Servicio Local De Educación Pública Puerto Cordillera | U14: -29.95595 | V14: -71.247238 | W14: SLEP Puerto Cordillera, tabla de establecimientos (act. 07.05.2026) | X14: PEI del establecimiento (MINEDUC); Noticias SLEP Puerto Cordillera | Y14: Asumió por concurso de Alta Dirección Pública (SLEP, noticia 04.05.2026); la tabla del SLEP aún muestra al director anterior
A15: 11 | B15: 615 | C15: Escuela Coquimbo | D15: Pública (SLEP Puerto Cordillera) | E15: Parvularia, Básica | F15: Urbana | G15: 244 | H15: Vanessa Ortega Valencia | I15: +56 51 232 0226 | J15: esc.coquimbo@slepuertocordillera.cl | K15: Bilbao N°115 | L15: 11 de septiembre | M15: 1901 | N15: Resolución exenta 194 de fecha 29/03/1983 | O15: Thiago Stephano Cruzado Felipe | P15: Presidente de gobierno estudiantil | Q15: cruzadofelipethiago@gmail.com | R15: SLEP Puerto Cordillera, nómina presidentas/es centros de estudiantes 2026 | T15: Servicio Local De Educación Pública Puerto Cordillera | U15: -29.954359 | V15: -71.336273 | W15: SLEP Puerto Cordillera, tabla de establecimientos (act. 07.05.2026) | X15: PEI del establecimiento (MINEDUC); Noticias SLEP Puerto Cordillera
A16: 12 | B16: 624 | C16: Escuela Diferencial Juan Sandoval C. | D16: Pública (SLEP Puerto Cordillera) | E16: Especial | F16: Urbana | G16: 74 | H16: Marjorie Alejandra Flores Blanco | I16: +56 51 232 2023 | J16: esc.juansandoval@slepuertocordillera.cl | K16: Santa Elena N°385 | L16: 20 de marzo | M16: 1973 | N16: Resolución exenta 10037 de fecha 15/12/1981 | O16: Chydan Espinoza Torres | P16: Presidente | Q16: esc.juansandoval@slepuertocordillera.cl (correo del establecimiento) | R16: SLEP Puerto Cordillera, nómina presidentas/es centros de estudiantes 2026 | T16: Servicio Local De Educación Pública Puerto Cordillera | U16: -29.96769 | V16: -71.324165 | W16: SLEP Puerto Cordillera, tabla de establecimientos (act. 07.05.2026) | X16: PEI del establecimiento (MINEDUC)
A17: 13 | B17: 612 | C17: Escuela Guillermo Cereceda | D17: Pública (SLEP Puerto Cordillera) | E17: Parvularia, Básica | F17: Urbana | G17: 276 | H17: Carolina Castillo Lazo | I17: +56 44 369 2440 | J17: esc.guillermocereceda@slepuertocordillera.cl | K17: Santiago Amengual N°364 – Pob. San Juan | L17: 20 de septiembre | M17: 1970 | N17: Resolución exenta 10033 de fecha 15/12/1981 | O17: Maite Godoy Brañas | P17: Presidente de gobierno estudiantil | Q17: esc.guillermocereceda@slepuertocordillera.cl (correo del establecimiento) | R17: SLEP Puerto Cordillera, nómina presidentas/es centros de estudiantes 2026 | T17: Servicio Local De Educación Pública Puerto Cordillera | U17: -29.971701 | V17: -71.325447 | W17: SLEP Puerto Cordillera, tabla de establecimientos (act. 07.05.2026) | X17: PEI del establecimiento (MINEDUC)
A18: 14 | B18: 620 | C18: Escuela Jose Alfaro Alfaro | D18: Pública (SLEP Puerto Cordillera) | E18: Parvularia, Básica | F18: Urbana | G18: 513 | H18: Samuel Hernández Fajardo | I18: +56 44 369 2439 | J18: esc.joseagustinalfaro@slepuertocordillera.cl | K18: Rafael Sotomayor N°105 – Ts. Blancas | L18: 29 de abril | M18: 1965 | N18: Resolución exenta 10058 de fecha 15/01/1981 | O18: Richard Ronaldo Rolón Gonzáles | P18: Presidente | Q18: rolonrichardgonzales@gmail.com | R18: SLEP Puerto Cordillera, nómina presidentas/es centros de estudiantes 2026 | S18: www.joseagustinalfaro.net | T18: Servicio Local De Educación Pública Puerto Cordillera | U18: -29.957069 | V18: -71.261627 | W18: SLEP Puerto Cordillera, tabla de establecimientos (act. 07.05.2026) | X18: PEI del establecimiento (MINEDUC); Noticias SLEP Puerto Cordillera (60 años, mayo 2025)
A19: 15 | B19: 13562 | C19: Escuela Juan Pablo II | D19: Pública (SLEP Puerto Cordillera) | E19: Parvularia, Básica | F19: Urbana | G19: 171 | H19: Rodrigo Gonzalez Lobos | I19: +56 44 369 2438 | J19: esc.juanpabloii@slepuertocordillera.cl | K19: Camino al Faro N°50 sector Parte Alta | L19: 14 de marzo (inicio); acto 2025 en noviembre | M19: 2005 | N19: Resolución exenta 1502 de fecha 10/05/2005 | O19: Renata Ibacache Madrid | P19: Presidenta | Q19: renata.ibacache.2014@gmail.com | R19: SLEP Puerto Cordillera, nómina presidentas/es centros de estudiantes 2026 | T19: Servicio Local De Educación Pública Puerto Cordillera | U19: -29.936899 | V19: -71.339867 | W19: SLEP Puerto Cordillera, tabla de establecimientos (act. 07.05.2026) | X19: PEI del establecimiento (MINEDUC); Noticias SLEP Puerto Cordillera
A20: 16 | B20: 637 | C20: Escuela Lucila Godoy Alcayaga | D20: Pública (SLEP Puerto Cordillera) | E20: Parvularia, Básica | F20: Urbana | G20: 256 | H20: Mario Cerda Galván | I20: +56 51 227 7859 | J20: esc.lucilagodoyalcayaga@slepuertocordillera.cl | K20: Avda. La Cantera Nº 2055 – sector Cantera Baja | L20: Sin información | M20: Sin información | N20: Resolución exenta 10048 de fecha 02/01/1981 | O20: Martina Sepúlveda | P20: Presidenta | Q20: esc.lucilagodoyalcayaga@slepuertocordillera.cl (correo del establecimiento) | R20: SLEP Puerto Cordillera, nómina presidentas/es centros de estudiantes 2026 | T20: Servicio Local De Educación Pública Puerto Cordillera | U20: -29.97381 | V20: -71.299103 | W20: SLEP Puerto Cordillera, tabla de establecimientos (act. 07.05.2026)
A21: 17 | B21: 13560 | C21: Escuela Padre Alberto Hurtado Cruchaga | D21: Pública (SLEP Puerto Cordillera) | E21: Parvularia, Básica | F21: Urbana | G21: 199 | H21: Constanza Alejandra Robles Valdivia | I21: +56 44 369 2435 | J21: esc.padrealbertohurtado@slepuertocordillera.cl | K21: Bellamar N°1111 sector Parte Alta | L21: 7 de marzo | M21: 2005 | N21: Resolución exenta 773 de fecha 17/03/2005 | O21: Florencia Marinzulic Ramos | P21: Presidenta | Q21: esc.padrealbertohurtado@slepuertocordillera.cl (correo del establecimiento) | R21: SLEP Puerto Cordillera, nómina presidentas/es centros de estudiantes 2026 | S21: https://sites.google.com/slepuertocordillera.cl/escuelapahccoquimbo/boletín-informativo-no | T21: Servicio Local De Educación Pública Puerto Cordillera | U21: -29.951389 | V21: -71.349281 | W21: SLEP Puerto Cordillera, tabla de establecimientos (act. 07.05.2026) | X21: PEI del establecimiento (MINEDUC)
A22: 18 | B22: 614 | C22: Escuela Presidente Anibal Pinto | D22: Pública (SLEP Puerto Cordillera) | E22: Parvularia, Básica | F22: Urbana | G22: 277 | H22: Maritza Fajardo Basaure | I22: +56 44 369 2433 | J22: esc.presidenteanibalpinto@slepuertocordillera.cl | K22: Aníbal Pinto N°1319 | L22: 9 de octubre | M22: 1944 | N22: Resolución exenta 10035 de fecha 15/12/1981 | O22: Maite Tarsetti | P22: Presidenta | Q22: tete.tarsetti@gmail.com | R22: SLEP Puerto Cordillera, nómina presidentas/es centros de estudiantes 2026 | S22: www.eapinto.cl | T22: Servicio Local De Educación Pública Puerto Cordillera | U22: -29.95573 | V22: -71.339958 | W22: SLEP Puerto Cordillera, tabla de establecimientos (act. 07.05.2026) | X22: PEI del establecimiento (MINEDUC); Noticias SLEP Puerto Cordillera
A23: 19 | B23: 13559 | C23: Escuela Republica de Grecia | D23: Pública (SLEP Puerto Cordillera) | E23: Parvularia, Básica | F23: Urbana | G23: 377 | H23: Juan Juica Cisternas | I23: +56 51 226 8024 | J23: esc.republicadegrecia@slepuertocordillera.cl | K23: Eugenio Marzal N°288 – Villa Portugal | L23: 10 de mayo (resolución de creación) | M23: 2005 | N23: Resolución exenta 1504 de fecha 10/05/2005 | O23: Bárbara Sophia Peraza Lopez | P23: Presidente | Q23: barbaraperaza988@gmail.com | R23: SLEP Puerto Cordillera, nómina presidentas/es centros de estudiantes 2026 | T23: Servicio Local De Educación Pública Puerto Cordillera | U23: -29.98612 | V23: -71.332314 | W23: SLEP Puerto Cordillera, tabla de establecimientos (act. 07.05.2026) | X23: PEI del establecimiento (MINEDUC) | Y23: Director según tabla SLEP; MIME registra a Ricardo Antonio Ubilla Astudillo: confirmar
A24: 20 | B24: 631 | C24: Escuela San Rafael | D24: Pública (SLEP Puerto Cordillera) | E24: Parvularia, Básica | F24: Urbana | G24: 418 | H24: Carmen Gloria Morales Loezar | I24: +56 51 224 1864 | J24: esc.sanrafael@slepuertocordillera.cl | K24: Ruta D409 – Km.13 – Pan de Azúcar | L24: Abril (celebración) | M24: 1951 | N24: Resolución exenta 00184 de fecha 28/03/1989 | O24: Bastián Godoy Galaz | P24: Presidente | Q24: esc.sanrafael@slepuertocordillera.cl (correo del establecimiento) | R24: SLEP Puerto Cordillera, nómina presidentas/es centros de estudiantes 2026 | S24: www.escuelasanrafaelcoquimbo.cl | T24: Servicio Local De Educación Pública Puerto Cordillera | U24: -30.01071 | V24: -71.256767 | W24: SLEP Puerto Cordillera, tabla de establecimientos (act. 07.05.2026) | X24: Noticias SLEP Puerto Cordillera (68° aniversario, abril 2019)
A25: 21 | B25: 618 | C25: Escuela Santo Tomas de Aquino | D25: Pública (SLEP Puerto Cordillera) | E25: Parvularia, Básica | F25: Urbana | G25: 632 | H25: Verónica Soto Pereira | I25: +56 44 369 0450 | J25: esc.santotomasdeaquino@slepuertocordillera.cl | K25: Talca N°1099 – Ts. Blancas | L25: 19 de abril (inicio oficial: 22 de octubre) | M25: 1976 | N25: Resolución exenta 10053 de fecha 15/12/1981 | O25: Jorge Jaramillo Guzmán | P25: Presidente | Q25: esc.santotomasdeaquino@slepuertocordillera.cl (correo del establecimiento) | R25: SLEP Puerto Cordillera, nómina presidentas/es centros de estudiantes 2026 | T25: Servicio Local De Educación Pública Puerto Cordillera | U25: -29.962 | V25: -71.254204 | W25: SLEP Puerto Cordillera, tabla de establecimientos (act. 07.05.2026) | X25: PEI del establecimiento (MINEDUC)
A26: 22 | B26: 625 | C26: Escuela Tomasa Olivares Caamano | D26: Pública (SLEP Puerto Cordillera) | E26: Parvularia, Básica | F26: Urbana | G26: 187 | H26: Felipe Rojas Belmar | I26: +56 51 231 9295 | J26: esc.tomasaolivarescaamano@slepuertocordillera.cl | K26: Avda. Guacolda N°1945 | L26: Sin información | M26: 1986 | N26: Resolución exenta 29 de fecha 07/01/1991 | O26: Constanza Campusano Manríquez | P26: Presidenta del gobierno escolar | Q26: dmenfermera@gmail.com | R26: SLEP Puerto Cordillera, nómina presidentas/es centros de estudiantes 2026 | S26: sites.google.com/view/escuela-deportiva-digital/ | T26: Servicio Local De Educación Pública Puerto Cordillera | U26: -29.96139 | V26: -71.348793 | W26: SLEP Puerto Cordillera, tabla de establecimientos (act. 07.05.2026) | X26: PEI del establecimiento (MINEDUC)
A27: 23 | B27: 638 | C27: Escuela de Camarones | D27: Pública (SLEP Puerto Cordillera) | F27: Rural | G27: 0 | H27: Sin información | I27: +56 9 8308 7609 | J27: haroldo_veliz@hotmail.com | K27: Camarones Km. 416 -ruta 5 | L27: Sin información | M27: Sin información | N27: Resolución exenta 10055 de fecha 15/12/1981 | O27: No aplica | T27: Servicio Local De Educación Pública Puerto Cordillera | U27: -30.436291 | V27: -71.379044 | W27: MINEDUC, Ficha del Establecimiento (MIME), consulta 05.10.2026 | Y27: Celular antiguo de 8 dígitos, se antepuso 9: verificar; Sin matrícula 2025 y fuera del listado del SLEP: probable receso; Sin matrícula informada en 2025; Sin director informado en MIME
A28: 24 | B28: 634 | C28: Escuela de Huachalalume | D28: Pública (SLEP Puerto Cordillera) | E28: Básica | F28: Rural | G28: 47 | H28: Karla Patricia Muñoz Jerez | I28: +56 9 4077 0336 | J28: esc.huachalalume@slepuertocordillera.cl | K28: Calle Única s/n | L28: 16 de agosto | M28: 1965 | N28: Resolución exenta 10041 de fecha 15/12/1981 | O28: Matilde Collao | P28: Presidenta | Q28: esc.huachalalume@slepuertocordillera.cl (correo del establecimiento) | R28: SLEP Puerto Cordillera, nómina presidentas/es centros de estudiantes 2026 | T28: Servicio Local De Educación Pública Puerto Cordillera | U28: -29.97542 | V28: -71.219368 | W28: SLEP Puerto Cordillera, tabla de establecimientos (act. 07.05.2026) | X28: PEI del establecimiento (MINEDUC); Noticias SLEP Puerto Cordillera | Y28: Teléfono tomado de MIME (el SLEP no publica uno); Docente encargada desde marzo de 2025 (SLEP, noticia 06.03.2025) y según MIME; la tabla del SLEP muestra al encargado anterior
A29: 25 | B29: 628 | C29: Escuela de Penuelas | D29: Pública (SLEP Puerto Cordillera) | E29: Parvularia, Básica | F29: Urbana | G29: 245 | H29: Jenny Hill Sepúlveda | I29: +56 44 369 1292 | J29: esc.penuelas@slepuertocordillera.cl | K29: Avda. Los Pescadores N°4870 | L29: 26 de agosto | M29: 1952 | N29: Resolución exenta 10054 de fecha 15/12/1981 | O29: Diego Rojas | P29: Presidente | Q29: esc.penuelas@slepuertocordillera.cl (correo del establecimiento) | R29: SLEP Puerto Cordillera, nómina presidentas/es centros de estudiantes 2026 | T29: Servicio Local De Educación Pública Puerto Cordillera | U29: -29.95158 | V29: -71.296204 | W29: SLEP Puerto Cordillera, tabla de establecimientos (act. 07.05.2026) | X29: PEI del establecimiento (MINEDUC)
A30: 26 | B30: 644 | C30: Escuela de Puerto Aldea | D30: Pública (SLEP Puerto Cordillera) | E30: Básica | F30: Rural | G30: 34 | H30: Nilsson Véliz Véliz | I30: +56 9 8524 2056 | J30: esc.puertoaldea@slepuertocordillera.cl | K30: Km. 68 Puerto Aldea | L30: 8 de octubre | M30: 1954 | N30: Resolución exenta 10065 de fecha 15/12/1981 | O30: Mía Pascal Tapia Araya | P30: Presidenta | Q30: esc.puertoaldea@slepuertocordillera.cl (correo del establecimiento) | R30: SLEP Puerto Cordillera, nómina presidentas/es centros de estudiantes 2026 | T30: Servicio Local De Educación Pública Puerto Cordillera | U30: -30.29287 | V30: -71.609261 | W30: SLEP Puerto Cordillera, tabla de establecimientos (act. 07.05.2026) | X30: PEI del establecimiento (MINEDUC)
A31: 27 | B31: 643 | C31: Escuela de Tambillos | D31: Pública (SLEP Puerto Cordillera) | E31: Parvularia, Básica | F31: Rural | G31: 200 | H31: Javier Antonio Monardes Tapia | I31: +56 44 369 2423 | J31: esc.tambillos@slepuertocordillera.cl | K31: Esmeralda N°35 – Tambillos | L31: Noviembre (celebración) | M31: 1880 | N31: Resolución exenta 1918 de fecha 21/12/1982 | O31: Maira Leyton Cerda | P31: Presidenta de gobierno estudiantil | Q31: esc.tambillos@slepuertocordillera.cl (correo del establecimiento) | R31: SLEP Puerto Cordillera, nómina presidentas/es centros de estudiantes 2026 | T31: Servicio Local De Educación Pública Puerto Cordillera | U31: -30.197321 | V31: -71.223686 | W31: SLEP Puerto Cordillera, tabla de establecimientos (act. 07.05.2026) | X31: Noticias SLEP Puerto Cordillera (145 años, nov. 2025); el PEI indica 1900
A32: 28 | B32: 635 | C32: Escuela de Totoralillo | D32: Pública (SLEP Puerto Cordillera) | E32: Básica | F32: Rural | G32: 17 | H32: Robert Salas Pizarro | I32: +56 51 231 0184 | J32: esc.totoralillo@slepuertocordillera.cl | K32: Totoralillo s/n | L32: 8 de marzo | M32: 1960 | N32: Resolución exenta 10043 de fecha 15/12/1981 | O32: Simón Alejandro Vega Véliz | P32: Presidente | Q32: simonvega020@gmail.com | R32: SLEP Puerto Cordillera, nómina presidentas/es centros de estudiantes 2026 | T32: Servicio Local De Educación Pública Puerto Cordillera | U32: -30.064871 | V32: -71.366211 | W32: SLEP Puerto Cordillera, tabla de establecimientos (act. 07.05.2026) | X32: PEI del establecimiento (MINEDUC) | Y32: Teléfono tomado de MIME (el SLEP no publica uno)
A33: 29 | B33: 642 | C33: Escuela de el Penon | D33: Pública (SLEP Puerto Cordillera) | E33: Básica | F33: Rural | G33: 167 | H33: Luis Esteban Araya Valdivia | I33: +56 44 369 1114 | J33: esc.elpenon@slepuertocordillera.cl | K33: Camino Coquimbo O’Higgins s/n | L33: Sin información | M33: c. 1920 | N33: Resolución exenta 10063 de fecha 15/12/1981 | O33: Erick Aguilera Álvarez | P33: Presidente | Q33: esc.elpenon@slepuertocordillera.cl (correo del establecimiento) | R33: SLEP Puerto Cordillera, nómina presidentas/es centros de estudiantes 2026 | T33: Servicio Local De Educación Pública Puerto Cordillera | U33: -30.138849 | V33: -71.215828 | W33: SLEP Puerto Cordillera, tabla de establecimientos (act. 07.05.2026) | X33: PEI del establecimiento (MINEDUC)
A34: 30 | B34: 645 | C34: Escuela de el Tangue | D34: Pública (SLEP Puerto Cordillera) | E34: Básica | F34: Rural | G34: 14 | H34: Kamila Muñoz Bustamantes | I34: +56 9 8308 7609 | J34: esc.eltangue@slepuertocordillera.cl | K34: Km.60 Hacienda El Tangue | L34: 12 de octubre | M34: 1965 | N34: Resolución exenta 10066 de fecha 15/12/1981 | O34: Alonso Marín Bernal | P34: Presidente | Q34: esc.eltangue@slepuertocordillera.cl (correo del establecimiento) | R34: SLEP Puerto Cordillera, nómina presidentas/es centros de estudiantes 2026 | T34: Servicio Local De Educación Pública Puerto Cordillera | U34: -30.34646 | V34: -71.558617 | W34: SLEP Puerto Cordillera, tabla de establecimientos (act. 07.05.2026) | X34: PEI del establecimiento (MINEDUC) | Y34: Teléfono tomado de MIME (el SLEP no publica uno)
A35: 31 | B35: 639 | C35: Escuela de las Barrancas | D35: Pública (SLEP Puerto Cordillera) | E35: Parvularia, Básica | F35: Rural | G35: 135 | H35: Sebastian Fernandez Rojas | I35: +56 44 369 2425 | J35: esc.lasbarrancas@slepuertocordillera.cl | K35: Ruta D-43 Km. 37 | L35: 14 de junio | M35: 1969 | N35: Resolución exenta 10060 de fecha 15/12/1981 | O35: Amalia González Véliz | P35: Presidenta de gobierno estudiantil | Q35: esc.lasbarrancas@slepuertocordillera.cl (correo del establecimiento) | R35: SLEP Puerto Cordillera, nómina presidentas/es centros de estudiantes 2026 | T35: Servicio Local De Educación Pública Puerto Cordillera | U35: -30.213289 | V35: -71.257874 | W35: SLEP Puerto Cordillera, tabla de establecimientos (act. 07.05.2026) | X35: PEI del establecimiento (MINEDUC)
A36: 32 | B36: 641 | C36: Escuela de las Cardas | D36: Pública (SLEP Puerto Cordillera) | E36: Básica | F36: Rural | G36: 24 | H36: Celedonia Jorquera Rivera | I36: +56 9 3448 7519 | J36: esc.lascardas@slepuertocordillera.cl | K36: Km.45 de la Ruta 43 | L36: 21 de noviembre | M36: c. 1928-1935 | N36: Resolución exenta 10062 de fecha 15/12/1981 | O36: Martin Alexis Cortés Juarez | P36: Presidente | Q36: martinalexis.cortes.juarez@gmail.com | R36: SLEP Puerto Cordillera, nómina presidentas/es centros de estudiantes 2026 | T36: Servicio Local De Educación Pública Puerto Cordillera | U36: -30.27844 | V36: -71.252502 | W36: SLEP Puerto Cordillera, tabla de establecimientos (act. 07.05.2026) | X36: PEI del establecimiento (MINEDUC) (fecha que asume la comunidad) | Y36: Teléfono tomado de MIME (el SLEP no publica uno)
A37: 33 | B37: 13558 | C37: Instituto de Adm. y Comercio Estado de Israel | D37: Pública (SLEP Puerto Cordillera) | E37: Básica, Media TP | F37: Urbana | G37: 592 | H37: Carlos Videla Bonilla | I37: +56 51 231 9395 | J37: iac.estadodeisrael@slepuertocordillera.cl | K37: Manuel Jesús Rivera N°320 – sector San Juan | L37: Mayo (celebración) | M37: 2005 | N37: Resolución exenta 1452 de fecha 06/05/2005 | O37: Catalina Pavez Fuenzalida | P37: Presidenta | Q37: catalinapavezfuenzalida@gmail.com | R37: SLEP Puerto Cordillera, nómina presidentas/es centros de estudiantes 2026 | T37: Servicio Local De Educación Pública Puerto Cordillera | U37: -29.970631 | V37: -71.325447 | W37: SLEP Puerto Cordillera, tabla de establecimientos (act. 07.05.2026) | X37: Noticias SLEP Puerto Cordillera (14 años, mayo 2019) | Y37: Asumió por concurso de Alta Dirección Pública (SLEP, noticia 04.05.2026); la tabla del SLEP aún muestra al director anterior
A38: 34 | B38: 13561 | C38: Lic.De Cienc.Y Hum.San Josemaria Escriva | D38: Pública (SLEP Puerto Cordillera) | E38: Básica, Media HC | F38: Urbana | G38: 519 | H38: Jaime Miranda Manríquez | I38: +56 51 226 8461 | J38: lic.josemariaescriva@slepuertocordillera.cl | K38: Los Clarines N°1871 | L38: 1 de septiembre | M38: 2005 | N38: Resolución exenta 1451 de fecha 06/05/2005 | O38: Ángela Muñoz Véliz | P38: Presidenta | Q38: angemunozve08@gmail.com | R38: SLEP Puerto Cordillera, nómina presidentas/es centros de estudiantes 2026 | T38: Servicio Local De Educación Pública Puerto Cordillera | U38: -29.990379 | V38: -71.331596 | W38: SLEP Puerto Cordillera, tabla de establecimientos (act. 07.05.2026) | X38: PEI del establecimiento (MINEDUC); Noticias SLEP Puerto Cordillera
A39: 35 | B39: 609 | C39: Liceo Bicentenario de Excelencia Instituto Superior de Comercio de Coquimbo | D39: Pública (SLEP Puerto Cordillera) | E39: Media TP | F39: Urbana | G39: 838 | H39: Fernando Carvajal Araya | I39: +56 51 232 1092 / +56 51 231 3968 | J39: isc.coquimbo@slepuertocordillera.cl | K39: Doctor Marín N°367 | L39: 10 de mayo | M39: 1905 | N39: Resolución exenta 339 de fecha 01/03/2018 | O39: Javiera Peña Velásquez | P39: Presidenta | Q39: javierapenavelasquez@gmail.com | R39: SLEP Puerto Cordillera, nómina presidentas/es centros de estudiantes 2026 | S39: www.isccoquimbo.cl | T39: Servicio Local De Educación Pública Puerto Cordillera | U39: -29.96055 | V39: -71.340134 | W39: SLEP Puerto Cordillera, tabla de establecimientos (act. 07.05.2026) | X39: PEI del establecimiento (MINEDUC); Noticias SLEP Puerto Cordillera (120 años, mayo 2025)
A40: 36 | B40: 13461 | C40: Liceo Carmen Aurora Rodriguez Henriquez | D40: Pública (SLEP Puerto Cordillera) | E40: Media HC, Media TP, Adultos | F40: Urbana | G40: 353 | H40: Perla Araya Yañez | I40: +56 51 239 1570 | J40: lic.carmenrodriguez@slepuertocordillera.cl | K40: Dolores Endeiza N°185 – Tongoy | L40: 2 de agosto | M40: 2000 | N40: Resolución exenta 1765 de fecha 02/08/2000 | O40: Sebastián Ignacio Saavedra Henríquez | P40: Presidente | Q40: alex55521332@gmail.com | R40: SLEP Puerto Cordillera, nómina presidentas/es centros de estudiantes 2026 | T40: Servicio Local De Educación Pública Puerto Cordillera | U40: -30.26264 | V40: -71.493401 | W40: SLEP Puerto Cordillera, tabla de establecimientos (act. 07.05.2026) | X40: PEI del establecimiento (MINEDUC); Noticias SLEP Puerto Cordillera
A41: 37 | B41: 611 | C41: Liceo Diego Portales | D41: Pública (SLEP Puerto Cordillera) | E41: Media HC, Media TP, Adultos | F41: Urbana | G41: 474 | H41: Neusy Elizabeth Chelmes Julio | I41: +56 51 232 1015 | J41: lic.diegoportales@slepuertocordillera.cl | K41: Avda. Francisco Varela Oriente N°950 | L41: 5 de abril | M41: 1956 | N41: Resolución exenta 10070 de fecha 15/12/1981 | O41: Sofía Bruna Muñoz | P41: Presidenta de gobierno estudiantil | Q41: sofiab.bruna.munoz@gmail.com | R41: SLEP Puerto Cordillera, nómina presidentas/es centros de estudiantes 2026 | T41: Servicio Local De Educación Pública Puerto Cordillera | U41: -29.95303 | V41: -71.337021 | W41: SLEP Puerto Cordillera, tabla de establecimientos (act. 07.05.2026) | X41: PEI del establecimiento (MINEDUC); Noticias SLEP Puerto Cordillera | Y41: Asumió por concurso de Alta Dirección Pública (SLEP, noticia 04.05.2026); la tabla del SLEP aún muestra al director anterior
A42: 38 | B42: 11139 | C42: Liceo Fernando Binvignat Marin | D42: Pública (SLEP Puerto Cordillera) | E42: Media TP | F42: Urbana | G42: 675 | H42: Vladimir Fuentes Jorquera | I42: +56 44 369 2430 | J42: lic.fernandobinvignat@slepuertocordillera.cl | K42: Arauco N°1050 – Ts. Blancas | L42: 18 de marzo | M42: 1986 (inicio como anexo en 1983) | N42: Resolución exenta 216 de fecha 18/03/1986 | O42: Luciana Fernández Guerrero | P42: Presidenta | Q42: lic.fernandobinvignat@slepuertocordillera.cl (correo del establecimiento) | R42: SLEP Puerto Cordillera, nómina presidentas/es centros de estudiantes 2026 | S42: www.liceobinvignat.cl | T42: Servicio Local De Educación Pública Puerto Cordillera | U42: -29.963869 | V42: -71.254288 | W42: SLEP Puerto Cordillera, tabla de establecimientos (act. 07.05.2026) | X42: PEI del establecimiento (MINEDUC)
A43: 39 | B43: 610 | C43: Liceo Industrial Jose Tomas de Urmeneta | D43: Pública (SLEP Puerto Cordillera) | E43: Media TP | F43: Urbana | G43: 583 | H43: Jorge Carvajal Araya | I43: +56 44 369 1128 | J43: lic.industrialjosetomas@slepuertocordillera.cl | K43: Ossandón N°1000 | L43: 25 de mayo | M43: 1966 | N43: Resolución exenta 1075 de fecha 21/11/1983 | O43: Maverick Grosling | P43: Presidente | Q43: mav.gross1617@gmail.com | R43: SLEP Puerto Cordillera, nómina presidentas/es centros de estudiantes 2026 | T43: Servicio Local De Educación Pública Puerto Cordillera | U43: -29.96525 | V43: -71.347221 | W43: SLEP Puerto Cordillera, tabla de establecimientos (act. 07.05.2026) | X43: PEI del establecimiento (MINEDUC)
A44: 40 | C44: Jardín Infantil Corazones Magicos | D44: Pública VTF (SLEP Puerto Cordillera) | E44: Sala cuna y niveles medios | F44: Urbana | H44: Daniela Gómez Romero | I44: +56 51 226 6856 | J44: jar.corazonesmagicos@slepuertocordillera.cl | K44: Avenida Portugal N°207 sector San Juan | L44: Sin información | M44: Sin información | O44: No aplica | T44: Servicio Local de Educación Pública Puerto Cordillera | W44: SLEP Puerto Cordillera, tabla de establecimientos (act. 07.05.2026)
A45: 41 | C45: Jardín Infantil Fernando Binvignat | D45: Pública VTF (SLEP Puerto Cordillera) | E45: Sala cuna y niveles medios | F45: Urbana | H45: Cecilia Aguirre Hidalgo | I45: +56 44 369 0830 | J45: jar.fernandobinvignat@slepuertocordillera.cl | K45: Arauco N°1050 – Ts. Blancas | L45: Sin información | M45: Sin información | O45: No aplica | T45: Servicio Local de Educación Pública Puerto Cordillera | W45: SLEP Puerto Cordillera, tabla de establecimientos (act. 07.05.2026)
A46: 42 | C46: Jardín Infantil Intercultural | D46: Pública VTF (SLEP Puerto Cordillera) | E46: Sala cuna y niveles medios | F46: Urbana | H46: Romina Paz Herrera Bustamante | I46: +56 51 224 7180 | J46: jar.interculturalcoquimbo@slepuertocordillera.cl | K46: Parque Nacional Magallanes N°1599 sector Bosque San Carlos | L46: Sin información | M46: Sin información | O46: No aplica | T46: Servicio Local de Educación Pública Puerto Cordillera | W46: SLEP Puerto Cordillera, tabla de establecimientos (act. 07.05.2026)
A47: 43 | C47: Jardín Infantil Juan Pablo II | D47: Pública VTF (SLEP Puerto Cordillera) | E47: Sala cuna y niveles medios | F47: Urbana | H47: Valeska Slomp Vergara | I47: +56 51 231 2802 | J47: jar.juanpabloii@slepuertocordillera.cl | K47: Camino al Faro N°50 sector Parte Alta | L47: Sin información | M47: Sin información | O47: No aplica | T47: Servicio Local de Educación Pública Puerto Cordillera | W47: SLEP Puerto Cordillera, tabla de establecimientos (act. 07.05.2026)
A48: 44 | C48: Jardín Infantil Nidito de Amor | D48: Pública VTF (SLEP Puerto Cordillera) | E48: Sala cuna y niveles medios | F48: Urbana | H48: Marcela Valdivia Albornoz | I48: +56 44 369 1092 | J48: jar.nidodeamor@slepuertocordillera.cl | K48: Aconcagua con Aroca S/N | L48: Sin información | M48: Sin información | O48: No aplica | T48: Servicio Local de Educación Pública Puerto Cordillera | W48: SLEP Puerto Cordillera, tabla de establecimientos (act. 07.05.2026) | Y48: El SLEP no indica comuna; confirmar si es Coquimbo o Andacollo
A49: 45 | C49: Jardín Infantil Pedacito de Cielo | D49: Pública VTF (SLEP Puerto Cordillera) | E49: Sala cuna y niveles medios | F49: Urbana | H49: Monserrat Huidobro Reyes | I49: +56 51 231 3691 | J49: jar.pedacitodecielo@slepuertocordillera.cl | K49: Miraflores N°750 sector Porvenir Coquimbo | L49: Sin información | M49: Sin información | O49: No aplica | T49: Servicio Local de Educación Pública Puerto Cordillera | W49: SLEP Puerto Cordillera, tabla de establecimientos (act. 07.05.2026)
A50: 46 | C50: Jardín Infantil San Rafael | D50: Pública VTF (SLEP Puerto Cordillera) | E50: Sala cuna y niveles medios | F50: Rural | H50: Maria Loreto Anacona Contreras | I50: +56 51 224 5634 | J50: jar.pandeazucar@slepuertocordillera.cl | K50: Carretera Secundaria D-409 Km 13- Pan de Azúcar | L50: Fines de mayo / inicios de junio (celebración) | M50: 2010 | O50: No aplica | T50: Servicio Local de Educación Pública Puerto Cordillera | W50: SLEP Puerto Cordillera, tabla de establecimientos (act. 07.05.2026) | X50: Noticias SLEP Puerto Cordillera (9.° aniv. jun. 2019; 12.° may. 2022)
A51: 47 | C51: Jardín Infantil Santo Tomas de Aquino | D51: Pública VTF (SLEP Puerto Cordillera) | E51: Sala cuna y niveles medios | F51: Urbana | H51: Teresa Rozas Zabala | I51: +56 44 369 2431 | J51: jar.santotomasdeaquino@slepuertocordillera.cl | K51: Calle Talca N°1099, sector Tierras Blancas | L51: Sin información | M51: Sin información | O51: No aplica | T51: Servicio Local de Educación Pública Puerto Cordillera | W51: SLEP Puerto Cordillera, tabla de establecimientos (act. 07.05.2026)
A52: 48 | C52: Jardín Infantil Tesoritos | D52: Pública VTF (SLEP Puerto Cordillera) | E52: Sala cuna y niveles medios | F52: Urbana | H52: Maria Jose Espinosa Guaman | I52: Sin información | J52: jar.bilbao@slepuertocordillera.cl | K52: Bilbao N°115 Centro Coquimbo | L52: Sin información | M52: Sin información | O52: No aplica | T52: Servicio Local de Educación Pública Puerto Cordillera | W52: SLEP Puerto Cordillera, tabla de establecimientos (act. 07.05.2026)
A53: 49 | B53: 20505 | C53: Aula Hospitalaria de Coquimbo | D53: Particular subvencionado | E53: Parvularia, Básica, Media HC | F53: Urbana | G53: 118 | H53: Martín Hernando Perez-cueto Deza | I53: +56 51 267 4683 | J53: coquimbo@ahss.cl | K53: Cirujano Videla Sn | L53: Sin información | M53: 2010 | N53: Resolución exenta 1632 de fecha 30/06/2016 | O53: Por completar | S53: www.ahss.cl | T53: Aulas Hospitalarias San Sebastian E.i.e. | U53: -29.968593 | V53: -71.337826 | W53: MINEDUC, Ficha del Establecimiento (MIME), consulta 05.10.2026 | X53: PEI del establecimiento (MINEDUC)
A54: 50 | B54: 13396 | C54: Centro Est.Y Des.Integral del Nino | D54: Particular subvencionado | E54: Básica, Especial | F54: Urbana | G54: 458 | H54: Mary Carmen Hidalgo Olivares | I54: +56 51 256 4657 | J54: cedincovico@hotmail.com | K54: Avenida Alessandri 1175 | L54: Sin información | M54: Sin información | N54: Resolución exenta 1702 de fecha 26/06/2018 | O54: Por completar | S54: www.cedin.cl | T54: Corporación Educacional Centro De Estudios Y Desarrollo Integral Del Niño | U54: -29.97386 | V54: -71.335342 | W54: MINEDUC, Ficha del Establecimiento (MIME), consulta 05.10.2026
A55: 51 | B55: 40400 | C55: Centro de Educacion Integral de Adultos Santa | D55: Particular subvencionado | E55: Adultos | F55: Urbana | G55: 153 | H55: Lorena Alejandra García Ibacache | I55: +56 51 249 8728 | J55: ceiasantateresa@gmail.com | K55: Las Dalias - Sindempart - Coquimbo 308 | L55: Marzo | M55: 2011 | N55: Resolución exenta 2569 de fecha 14/12/2017 | O55: Por completar | S55: www.santateresa.cl | T55: Corporación Educacional Santa Teresa De Los Andes De Sindempart | U55: -29.983809 | V55: -71.34273 | W55: MINEDUC, Ficha del Establecimiento (MIME), consulta 05.10.2026 | X55: PEI del establecimiento (MINEDUC)
A56: 52 | B56: 13528 | C56: Colegio Adultos San Luis | D56: Particular subvencionado | E56: Adultos | F56: Urbana | G56: 400 | H56: Camila Paz Andrea Crisosto Barrales | I56: +56 51 254 6230 | J56: luiggi@wilug.cl | K56: Avda. Ossandon 150, El Llano | L56: 17 de marzo (reconocimiento oficial) | M56: 2004 | N56: Resolución exenta 236 de fecha 13/02/2018 | O56: Por completar | S56: www.ceiasanluis.cl | T56: Corporación Educacional San Luis De Coquimbo | U56: -29.960712 | V56: -71.34169 | W56: MINEDUC, Ficha del Establecimiento (MIME), consulta 05.10.2026 | X56: PEI del establecimiento (MINEDUC) | Y56: Número antiguo de 6 dígitos, se antepuso 2: verificar
A57: 53 | B57: 40076 | C57: Colegio Adultos las Violetas | D57: Particular subvencionado | E57: Adultos | F57: Urbana | G57: 560 | H57: Arturo Javier Galleguillos Trigo | I57: +56 51 226 6090 | J57: galleguillostrigo@gmail.com | K57: Las Violetas Sindempart 1159 | L57: Sin información | M57: Sin información | N57: Resolución exenta 1827 de fecha 29/06/2018 | O57: Por completar | S57: www.colegiolasvioletas.cl | T57: Corporación Educacional Las Violetas | U57: -29.979357 | V57: -71.31021 | W57: MINEDUC, Ficha del Establecimiento (MIME), consulta 05.10.2026 | Y57: Número antiguo de 6 dígitos, se antepuso 2: verificar
A58: 54 | B58: 40064 | C58: Colegio Alta Cordillera | D58: Particular subvencionado | E58: Parvularia, Básica, Media HC, Adultos | F58: Urbana | G58: 614 | H58: Cecilia Marcela Tamayo Plaza | I58: +56 51 231 7507 | J58: direccionaltacordillera@gmail.com | K58: Cardenal Carlos Oviedo 3380 | L58: 30 de junio (reconocimiento oficial) | M58: 2008 | N58: Resolución exenta 1888 de fecha 29/06/2018 | O58: Por completar | S58: www.altacordilleracoquimbo.cl | T58: Corporación Educacional Alta Cordillera | U58: -29.970329 | V58: -71.310333 | W58: MINEDUC, Ficha del Establecimiento (MIME), consulta 05.10.2026 | X58: PEI del establecimiento (MINEDUC)
A59: 55 | B59: 13491 | C59: Colegio Altazor | D59: Particular subvencionado | E59: Parvularia, Básica, Media HC | F59: Urbana | G59: 960 | H59: Ingrid Marlene Itha Hornig Saldías | I59: +56 51 223 2193 | J59: colegioaltazorcqbo@gmail.com | K59: Regimiento Arica 700 | L59: Sin información | M59: 2002 | N59: Resolución exenta 1875 de fecha 29/06/2018 | O59: Por completar | S59: www.colegioaltazor.cl | T59: Corporacion Educacional Altazor De Coquimbo | U59: -29.951099 | V59: -71.266968 | W59: MINEDUC, Ficha del Establecimiento (MIME), consulta 05.10.2026 | X59: PEI del establecimiento (MINEDUC)
A60: 56 | B60: 13518 | C60: Colegio Arauco | D60: Particular subvencionado | E60: Básica | F60: Urbana | G60: 292 | H60: Carolina Alejandra Dinamarca Bonilla | I60: +56 51 260 5219 | J60: colarauco@yahoo.es | K60: Arauco 988 | L60: Sin información | M60: 1995 (como jardín) | N60: Resolución exenta 520 de fecha 10/03/2003 | O60: Por completar | T60: Corporación Educacional Araya, Valdés Y Araya | U60: -29.964081 | V60: -71.255257 | W60: MINEDUC, Ficha del Establecimiento (MIME), consulta 05.10.2026 | X60: PEI del establecimiento (MINEDUC)
A61: 57 | B61: 646 | C61: Colegio Bernardo O´Higgins | D61: Particular subvencionado | E61: Parvularia, Básica, Media HC, Media TP | F61: Urbana | G61: 1765 | H61: Wilson Ismael Puelles Jopia | I61: +56 51 231 3192 | J61: bernardoohigginscqbo@gmail.com | K61: Avenida Matta 86 | L61: Sin información | M61: Sin información | N61: Resolución exenta 1790 de fecha 29/06/2018 | O61: Por completar | S61: www.cbo.cl | T61: Corporacion Educacional Colegio Bernardo O` Higgins- Coquimbo | U61: -29.96076 | V61: -71.337341 | W61: MINEDUC, Ficha del Establecimiento (MIME), consulta 05.10.2026
A62: 58 | B62: 40189 | C62: Colegio Cabo Alto | D62: Particular subvencionado | E62: Básica | F62: Urbana | G62: 162 | H62: Ana Oriela Toro Ogalde | I62: +56 51 232 2035 | J62: andres.ac77@gmail.com | K62: Portales 962 | L62: 23 de junio | M62: 2009 | N62: Resolución exenta 1847 de fecha 29/06/2009 | O62: Por completar | S62: www.caboalto.cl | T62: Corporación Educacional Alta Cima | U62: -29.95648 | V62: -71.343193 | W62: MINEDUC, Ficha del Establecimiento (MIME), consulta 05.10.2026 | X62: PEI del establecimiento (MINEDUC)
A63: 59 | B63: 13314 | C63: Colegio Cristobal Colon | D63: Particular subvencionado | E63: Parvularia, Básica, Media HC | F63: Urbana | G63: 924 | H63: Angélica Del Rosario Bravo Salas | I63: +56 51 226 5624 | J63: dinko.koscina@fundacioncolon.cl | K63: Los Clarines 2201 | L63: Sin información | M63: 1994 | N63: Resolución exenta 1874 de fecha 29/06/2018 | O63: Por completar | S63: colegiocolon.cl | T63: Fundación Educacional Colón | U63: -29.99188 | V63: -71.330429 | W63: MINEDUC, Ficha del Establecimiento (MIME), consulta 05.10.2026 | X63: PEI del establecimiento (MINEDUC)
A64: 60 | B64: 13621 | C64: Colegio Discovery | D64: Particular subvencionado | E64: Parvularia, Básica, Media HC | F64: Urbana | G64: 504 | H64: Debbie Karin Álvarez Gutiérrez | I64: +56 51 252 0027 | J64: directora@discoveryschool.cl | K64: Pedro Lagos , Sector El Llano 721 | L64: Sin información | M64: 2007 | N64: Resolución exenta 1853 de fecha 29/06/2018 | O64: Por completar | S64: discoveryschool.cl | T64: Corporación Educacional Aventura | U64: -29.967319 | V64: -71.344543 | W64: MINEDUC, Ficha del Establecimiento (MIME), consulta 05.10.2026 | X64: PEI del establecimiento (MINEDUC)
A65: 61 | B65: 40033 | C65: Colegio Domingo Faustino Sarmiento | D65: Particular subvencionado | E65: Parvularia, Básica | F65: Urbana | G65: 307 | H65: Ximena Javiera Barraza Solís | I65: +56 51 232 3588 | J65: colegio.dfs.coquimbo@gmail.com | K65: Pedro Montt 220. El Llano 220 | L65: Sin información | M65: Sin información | N65: Resolución exenta 2179 de fecha 06/08/2018 | O65: Por completar | T65: Corporación Educacional Domingo Faustino Sarmiento | U65: -29.961691 | V65: -71.340477 | W65: MINEDUC, Ficha del Establecimiento (MIME), consulta 05.10.2026
A66: 62 | B66: 13445 | C66: Colegio Espanol | D66: Particular subvencionado | E66: Media HC | F66: Urbana | G66: 170 | H66: Giannina Andrea De Los Angeles Lotito Manterola | I66: +56 51 254 9114 | J66: cespa_q@hotmail.com | K66: Avenida Alessandri 303 | L66: 12 de octubre | M66: 1998 | N66: Resolución exenta 1929 de fecha 29/06/2018 | O66: Por completar | T66: Corporación Educacional Colegio Español | U66: -29.966181 | V66: -71.341133 | W66: MINEDUC, Ficha del Establecimiento (MIME), consulta 05.10.2026 | X66: PEI del establecimiento (MINEDUC)
A67: 63 | B67: 13593 | C67: Colegio Eusebio Lillo Punta Mira | D67: Particular subvencionado | E67: Parvularia, Básica | F67: Urbana | G67: 340 | H67: Ivonne Annabele Oyarce González | I67: +56 51 247 2430 | J67: corporacion.eusebiolillo@gmail.com | K67: Calle Nueva 2801 | L67: 10 de febrero | M67: 2000 | N67: Resolución exenta 1785 de fecha 29/06/2018 | O67: Por completar | S67: www.eusebiolillo.com | T67: Corporación Educacional Eusebio Lillo | U67: -29.997339 | V67: -71.330879 | W67: MINEDUC, Ficha del Establecimiento (MIME), consulta 05.10.2026 | X67: PEI del establecimiento (MINEDUC)
A68: 64 | B68: 13313 | C68: Colegio Francis School | D68: Particular subvencionado | E68: Parvularia, Básica, Media HC | F68: Urbana | G68: 2130 | H68: Francis Gema Oyarzún Caru | I68: +56 51 226 6562 | J68: frangecar@gmail.com | K68: Los Tulipanes 254 | L68: Sin información | M68: 1990 (jardín) / 1991 (colegio) | N68: Resolución exenta 0765 de fecha 27/06/1990 | O68: Por completar | S68: www.francisschool.cl | T68: Fundación Educacional Francis School | U68: -29.977051 | V68: -71.34169 | W68: MINEDUC, Ficha del Establecimiento (MIME), consulta 05.10.2026 | X68: PEI del establecimiento (MINEDUC)
A69: 65 | B69: 13608 | C69: Colegio Golden Hind School | D69: Particular subvencionado | E69: Parvularia, Básica | F69: Urbana | G69: 373 | H69: Graciela Del Pilar Mardones Díaz | I69: +56 51 226 3667 | J69: contacto@goldenhindschool.cl | K69: Eduardo Mallea 401 | L69: Sin información | M69: 2006 | N69: Resolución exenta 1791 de fecha 29/06/2018 | O69: Por completar | S69: goldenhindschool.cl | T69: Corporación Educacional Masadi | U69: -29.98847 | V69: -71.332626 | W69: MINEDUC, Ficha del Establecimiento (MIME), consulta 05.10.2026 | X69: PEI del establecimiento (MINEDUC)
A70: 66 | B70: 13637 | C70: Colegio Hellen Keller Peñuelas | D70: Particular subvencionado | E70: Parvularia, Básica | F70: Urbana | G70: 311 | H70: Ivonne Yanett Gutiérrez Pozo | I70: +56 2 2381 3829 | J70: colegiohellenkeller@gmail.com | K70: Av Nueva Uno 595 | L70: Sin información | M70: Sin información | N70: Resolución exenta 4056 de fecha 04/12/2007 | O70: Por completar | S70: www.colegiohellenkeller.cl | T70: Fundación Educacional Colegio Hellen Keller | U70: -29.956511 | V70: -71.277161 | W70: MINEDUC, Ficha del Establecimiento (MIME), consulta 05.10.2026 | Y70: Prefijo de Santiago: verificar
A71: 67 | B71: 13632 | C71: Colegio Horizontes | D71: Particular subvencionado | E71: Parvularia, Básica, Especial | F71: Urbana | G71: 629 | H71: Jean Paul Reyes Altamirano | I71: +56 51 224 2298 | J71: colegiohorizontes@colegiohorizontes.cl | K71: Parque Nacional Fray Jorge 1153 | L71: Sin información | M71: 2007 | N71: Resolución exenta 567 de fecha 15/03/2018 | O71: Por completar | S71: www.colegiohorizontes.cl | T71: Fundación Educacional Nuevos Horizontes | U71: -29.97299 | V71: -71.254204 | W71: MINEDUC, Ficha del Establecimiento (MIME), consulta 05.10.2026 | X71: PEI del establecimiento (MINEDUC)
A72: 68 | B72: 13612 | C72: Colegio Jose Marti Perez | D72: Particular subvencionado | E72: Parvularia, Básica, Adultos | F72: Urbana | G72: 357 | H72: Ginia Andrea Saavedra Espinosa | I72: +56 51 256 1323 | J72: gsaavedra@josemarti.cl | K72: Director Lagarrigue, San Juan 735 | L72: Sin información | M72: Sin información | N72: Resolución exenta 1894 de fecha 29/06/2006 | O72: Por completar | S72: www.josemarti.cl | T72: José Marti Corporacion Educacional | U72: -29.970831 | V72: -71.331367 | W72: MINEDUC, Ficha del Establecimiento (MIME), consulta 05.10.2026
A73: 69 | B73: 647 | C73: Colegio Manuel Montt | D73: Particular subvencionado | E73: Básica, Media HC | F73: Urbana | G73: 485 | H73: Danisa Tatiana Bonilla Cabezas | I73: +56 9 9193 3967 | J73: colegiomanuelmontt@gmail.com | K73: Los Espinos Sur 2715 El Sauce Miramar | L73: Sin información | M73: Sin información | N73: Resolución exenta 1882 de fecha 29/06/2018 | O73: Por completar | S73: colegiomanuelmontt.cl | T73: Corporación Educacional Manuel Montt | U73: -29.999411 | V73: -71.335777 | W73: MINEDUC, Ficha del Establecimiento (MIME), consulta 05.10.2026 | Y73: Celular antiguo de 8 dígitos, se antepuso 9: verificar
A74: 70 | B74: 13489 | C74: Colegio Maria Educa | D74: Particular subvencionado | E74: Parvularia, Básica, Media HC | F74: Urbana | G74: 963 | H74: Susana Del Carmen Salgado Cardemil | I74: +56 51 223 0423 | J74: graciela.guerrero@mariaeduca.cl | K74: Fray Jorge, Bosque San Carlos 850 | L74: Sin información | M74: Sin información | N74: Resolución exenta 843 de fecha 09/05/2002 | O74: Por completar | S74: www.mariaeduca.cl | T74: Fundacion Maria Educa | U74: -29.97242 | V74: -71.256821 | W74: MINEDUC, Ficha del Establecimiento (MIME), consulta 05.10.2026
A75: 71 | B75: 13514 | C75: Colegio Maria de Andacollo | D75: Particular subvencionado | E75: Parvularia, Básica | F75: Urbana | G75: 394 | H75: Irma Cecilia Medrano Castillo | I75: +56 51 224 3729 | J75: mariadeandacollo@hotmail.com | K75: Luis Torres Araya , Tierras Blancas 14 | L75: Sin información | M75: 2003 | N75: Resolución exenta 1832 de fecha 29/06/2018 | O75: Por completar | S75: www.colegiomariadeandacollo.cl | T75: Corporacion Educacional María De Andacollo | U75: -29.957371 | V75: -71.247704 | W75: MINEDUC, Ficha del Establecimiento (MIME), consulta 05.10.2026 | X75: PEI del establecimiento (MINEDUC)
A76: 72 | B76: 650 | C76: Colegio Metodista de Coquimbo | D76: Particular subvencionado | E76: Parvularia, Básica, Media HC | F76: Urbana | G76: 423 | H76: Luis Eduardo Contreras Aguilar | I76: +56 51 240 0150 | J76: contacto@escuelametodista.cl | K76: San Martin 1598 | L76: 13 de agosto | M76: 1953 | N76: Resolución exenta 993 de fecha 15/05/2017 | O76: Por completar | S76: www.escuelametodista.cl | T76: Corporacion Metodista | U76: -29.957479 | V76: -71.343391 | W76: MINEDUC, Ficha del Establecimiento (MIME), consulta 05.10.2026 | X76: PEI del establecimiento (MINEDUC)
A77: 73 | B77: 13525 | C77: Colegio Olimpo | D77: Particular subvencionado | E77: Adultos | F77: Urbana | G77: 80 | H77: Juan Domingo Molina Chilla | I77: +56 2 2316 7446 | J77: olimpocolegio@gmail.com | K77: Subteniente Héctor Lacrampette 114 | L77: Sin información | M77: Sin información | N77: Resolución exenta 13525 de fecha 02/06/2003 | O77: Por completar | S77: www.colegioadultosolimpo.cl | T77: Corporacion Manantial | U77: -29.957752 | V77: -71.25394 | W77: MINEDUC, Ficha del Establecimiento (MIME), consulta 05.10.2026 | Y77: Prefijo de Santiago: verificar
A78: 74 | B78: 16913 | C78: Colegio Padre Pio | D78: Particular subvencionado | E78: Especial | F78: Urbana | G78: 59 | H78: Carmen Gloria Núñez Bonilla | I78: +56 51 254 9909 | J78: escuela.tongoy@gmail.com | K78: Fundacion Loteo 112 Tongoy 156 | L78: Sin información | M78: 2014 | N78: Resolución exenta 2642 de fecha 10/04/2014 | O78: No aplica | T78: Corporación Educacional Dayca | U78: -29.9868 | V78: -71.36073 | W78: MINEDUC, Ficha del Establecimiento (MIME), consulta 05.10.2026 | X78: PEI del establecimiento (MINEDUC) | Y78: Número antiguo de 6 dígitos, se antepuso 2: verificar
A79: 75 | B79: 13341 | C79: Colegio Part. Komvux - Coquimbo | D79: Particular subvencionado | E79: Parvularia, Básica, Media HC, Media TP | F79: Urbana | G79: 286 | H79: Carolina Luisa Muñoz Carvajal | I79: +56 2 2857 3495 | J79: colegiokomvuxcoquimbo@gmail.com | K79: Av. Pdte. Arturo Alessandri 1859 | L79: Sin información | M79: 1993 | N79: Resolución exenta 1296 de fecha 09/05/2018 | O79: Por completar | S79: www.colegiokomvux.cl | T79: Corporacion Educacional Colegio Komvux | U79: -29.983101 | V79: -71.334297 | W79: MINEDUC, Ficha del Establecimiento (MIME), consulta 05.10.2026 | X79: PEI del establecimiento (MINEDUC) | Y79: Prefijo de Santiago: verificar
A80: 76 | B80: 11145 | C80: Colegio Particular Calasanz | D80: Particular subvencionado | E80: Parvularia, Básica, Media HC | F80: Urbana | G80: 604 | H80: Enrique Roberto Arenas Otárola | I80: +56 51 224 1497 | J80: colegio@calasanztb.cl | K80: Valdivia 951 | L80: Sin información | M80: Sin información | N80: Resolución exenta 317 de fecha 07/04/1987 | O80: Por completar | S80: calasanztb.cl | T80: Pio Instituto Hijas De Maria Religiosas De Las Escuelas Pias | U80: -29.966249 | V80: -71.256844 | W80: MINEDUC, Ficha del Establecimiento (MIME), consulta 05.10.2026
A81: 77 | B81: 649 | C81: Colegio Particular Gabriela Mistral | D81: Particular subvencionado | E81: Parvularia, Básica, Media HC | F81: Urbana | G81: 1496 | H81: Luisa Mariela De Lourdes Cuello Yuschkewitz | I81: +56 51 231 1577 | J81: colgami@gmail.com | K81: Abtao 22 | L81: Sin información | M81: Sin información | N81: Resolución exenta 01240 de fecha 15/09/1982 | O81: Por completar | S81: www.colegiogabrielamistralcoquimbo.cl | T81: Corporación Colegio Gabriela Mistral De Coquimbo | U81: -29.963671 | V81: -71.339043 | W81: MINEDUC, Ficha del Establecimiento (MIME), consulta 05.10.2026
A82: 78 | B82: 13373 | C82: Colegio Particular Leonardo Da Vinci | D82: Particular subvencionado | E82: Parvularia, Básica, Media HC | F82: Urbana | G82: 918 | H82: Alejandra Angélica Román Calquín | I82: +56 51 224 8772 | J82: secretaria@davincicoquimbo.cl | K82: Juan Barrera Cortes - El Agrado De Penuelas 2050 | L82: Marzo (inicio de clases) | M82: 1995 | N82: Resolución exenta 1887 de fecha 29/06/2018 | O82: Por completar | S82: www.davincicoquimbo.cl | T82: Corporación Educacional Peñuelas | U82: -29.95256 | V82: -71.270157 | W82: MINEDUC, Ficha del Establecimiento (MIME), consulta 05.10.2026 | X82: PEI del establecimiento (MINEDUC)
A83: 79 | B83: 13342 | C83: Colegio Particular San Francisco Javier | D83: Particular subvencionado | E83: Parvularia, Básica | F83: Urbana | G83: 131 | H83: Lorena Pilar Araya Núñez | I83: +56 51 263 3798 | J83: sostenedor@corporacionsfj.cl | K83: Lincoyan 065 | L83: Sin información | M83: Sin información | N83: Resolución exenta 560 de fecha 04/04/2017 | O83: Por completar | S83: www.corporacionsfj.cl | T83: Corporación Educacional San Francisco Javier | U83: -29.9601 | V83: -71.343559 | W83: MINEDUC, Ficha del Establecimiento (MIME), consulta 05.10.2026 | Y83: Número antiguo de 6 dígitos, se antepuso 2: verificar
A84: 80 | B84: 11133 | C84: Colegio Particular San Gabriel | D84: Particular subvencionado | E84: Básica, Media HC | F84: Urbana | G84: 300 | H84: Aída Ester Segovia Álvarez | I84: +56 9 9770 1573 | J84: colegiosangabrielcoquimbo@gmail.com | K84: Eleuterio Ramirez 440 | L84: Sin información | M84: Sin información | N84: Resolución exenta 22254 de fecha 23/11/2017 | O84: Por completar | T84: San Gabriel Arcangel E.i.e. | U84: -29.962021 | V84: -71.339333 | W84: MINEDUC, Ficha del Establecimiento (MIME), consulta 05.10.2026 | Y84: Celular antiguo de 8 dígitos, se antepuso 9: verificar
A85: 81 | B85: 655 | C85: Colegio Particular San Ignacio | D85: Particular subvencionado | E85: Parvularia, Básica | F85: Urbana | G85: 404 | H85: Dayana Karim Carmona Álvarez | I85: +56 51 226 4048 | J85: sanignacio.basica@gmail.com | K85: Jose Toha , Herradura Oriente 1550 | L85: 1 de marzo | M85: 1982 | N85: Resolución exenta 17 de fecha 07/01/1982 | O85: Por completar | S85: www.sanignacio-coquimbo.cl | T85: Corporación Educacional San Ignacio De Coquimbo | U85: -29.98802 | V85: -71.334671 | W85: MINEDUC, Ficha del Establecimiento (MIME), consulta 05.10.2026 | X85: PEI del establecimiento (MINEDUC)
A86: 82 | B86: 13320 | C86: Colegio Particular Tongoy | D86: Particular subvencionado | E86: Básica | F86: Urbana | G86: 79 | H86: Carolina Selemine González Burgos | I86: +56 51 257 7654 | J86: coorporacionet@gmail.com | K86: Avenida Barnes 75 | L86: Sin información | M86: Sin información | N86: Resolución exenta 1603 de fecha 25/07/2017 | O86: Por completar | T86: Corporacion Educacional Colegio Tongoy | U86: -30.260481 | V86: -71.490852 | W86: MINEDUC, Ficha del Establecimiento (MIME), consulta 05.10.2026
A87: 83 | B87: 13604 | C87: Colegio Rakiduam | D87: Particular subvencionado | E87: Parvularia, Básica, Media HC | F87: Urbana | G87: 590 | H87: Carolina Del Carmen Pizarro Lagos | I87: +56 51 254 6103 | J87: direccion@colegiorakiduam.cl | K87: Avenida La Cantera 610 | L87: Sin información | M87: 2006 | N87: Resolución exenta 1788 de fecha 29/06/2018 | O87: Por completar | S87: www.colegiorakiduam.cl | T87: Fundación Educacional Rakiduam | U87: -29.9666 | V87: -71.31031 | W87: MINEDUC, Ficha del Establecimiento (MIME), consulta 05.10.2026 | X87: PEI del establecimiento (MINEDUC) | Y87: Número antiguo de 6 dígitos, se antepuso 2: verificar
A88: 84 | B88: 13504 | C88: Colegio San Lorenzo | D88: Particular subvencionado | E88: Parvularia, Básica, Media HC | F88: Urbana | G88: 1255 | H88: Soledad Del Rosario Salazar Aracena | I88: +56 51 227 7056 | J88: soledad.salazar.ara20@colsanlorenzo.cl | K88: Narciso Herrera 2575 | L88: Sin información | M88: Sin información | N88: Resolución exenta 578 de fecha 16/03/2018 | O88: Por completar | S88: www.colegiosanlorenzolacantera.cl | T88: Corporación Colegio San Lorenzo De Coquimbo | U88: -29.97743 | V88: -71.293388 | W88: MINEDUC, Ficha del Establecimiento (MIME), consulta 05.10.2026
A89: 85 | B89: 13626 | C89: Colegio San Luis | D89: Particular subvencionado | E89: Parvularia, Básica, Media HC | F89: Urbana | G89: 358 | H89: Dafne Yarella Zúñiga Carvajal | I89: +56 51 254 6240 | J89: luiggi@wilug.cl | K89: Avda Ossandon 350 | L89: Sin información | M89: Sin información | N89: Resolución exenta 238 de fecha 13/02/2018 | O89: Por completar | S89: www.instagram.com/colegio_sanluis_coquimbo/ | T89: Corporación Educacional San Luis De Coquimbo | U89: -29.96158 | V89: -71.342957 | W89: MINEDUC, Ficha del Establecimiento (MIME), consulta 05.10.2026
A90: 86 | B90: 13442 | C90: Colegio Santa Familia | D90: Particular subvencionado | E90: Parvularia, Básica, Media HC | F90: Urbana | G90: 1233 | H90: Pamela Carolina Arancibia Araya | I90: +56 51 226 6516 | J90: corporacionsanguillermo@colegiosantafamilia.cl | K90: Eduardo Mallea 601 | L90: Sin información | M90: 1999 | N90: Resolución exenta 756 de fecha 01/03/1999 | O90: Por completar | S90: www.colegiosantafamilia.cl | T90: Corporación Educacional San Guillermo | U90: -29.99054 | V90: -71.334129 | W90: MINEDUC, Ficha del Establecimiento (MIME), consulta 05.10.2026 | X90: PEI del establecimiento (MINEDUC)
A91: 87 | B91: 13553 | C91: Colegio Santa Helena College | D91: Particular subvencionado | E91: Media HC | F91: Urbana | G91: 115 | H91: Elena Adelaida Varela Sierra | I91: +56 9 8449 8473 | J91: santahelenacollege@gmail.com | K91: Avda Videla 235 | L91: Sin información | M91: Sin información | N91: Resolución exenta 1856 de fecha 29/06/2018 | O91: Por completar | S91: w.w.w.shcc.cl | T91: Corporacion Educacional Santa Helena College | U91: -29.96242 | V91: -71.337532 | W91: MINEDUC, Ficha del Establecimiento (MIME), consulta 05.10.2026
A92: 88 | B92: 13324 | C92: Colegio Santa Maria de Belen N_ 162 | D92: Particular subvencionado | E92: Parvularia, Básica, Media HC | F92: Urbana | G92: 809 | H92: Patricia Elena Castillo Oros | I92: +56 51 226 8040 | J92: secretariasmbelen@gmail.com | K92: Las Begonias Sindempart 361 - 371 | L92: Sin información | M92: Sin información | N92: Resolución exenta 1067 de fecha 16/06/1993 | O92: Por completar | S92: www.smbelenfranciscanas.cl | T92: Hermanas Franciscanas Misioneras De Jesus | U92: -29.98431 | V92: -71.34539 | W92: MINEDUC, Ficha del Establecimiento (MIME), consulta 05.10.2026 | Y92: Número antiguo de 6 dígitos, se antepuso 2: verificar
A93: 89 | B93: 13467 | C93: Colegio Santa Maria del Refugio | D93: Particular subvencionado | E93: Parvularia, Básica | F93: Urbana | G93: 239 | H93: Carla Yanina Castillo Varas | I93: +56 51 260 5073 | J93: contacto@santamariadelrefugio.com | K93: Padre Hurtado 911 | L93: 2 de abril (reconocimiento oficial) | M93: 2001 | N93: Resolución exenta 3760 de fecha 01/01/2002 | O93: Por completar | S93: www.santamariadelrefugio.com | T93: Hermanas Franciscanas Misioneras De Jesus | U93: -29.94212 | V93: -71.341911 | W93: MINEDUC, Ficha del Establecimiento (MIME), consulta 05.10.2026 | X93: PEI del establecimiento (MINEDUC)
A94: 90 | B94: 648 | C94: Colegio Santa Marta | D94: Particular subvencionado | E94: Parvularia, Básica, Media HC | F94: Urbana | G94: 1125 | H94: María Isabel Castro Ríos | I94: +56 51 267 2760 | J94: fecosamarta@gmail.com | K94: Manuel Rodriguez 2110 | L94: Sin información | M94: Sin información | N94: Resolución exenta 5012 de fecha 19/11/1981 | O94: Por completar | S94: www.colegiosantamartacoquimbo.cl | T94: Fundacion Educacional Colegio Santa Marta Coq | U94: -29.96142 | V94: -71.34729 | W94: MINEDUC, Ficha del Establecimiento (MIME), consulta 05.10.2026
A95: 91 | B95: 40208 | C95: Colegio Tecnico Profesional Altue | D95: Particular subvencionado | E95: Básica, Media HC, Media TP | F95: Urbana | G95: 350 | H95: Sergio Sebastián Idilio Moraga Cruz | I95: +56 9 4000 5627 | J95: wgonzalezsulantay@gmail.com | K95: Cabo Exequiel Aroca 1340 | L95: 11 de marzo | M95: 2009 | N95: Resolución exenta 1785 de fecha 12/09/2016 | O95: Por completar | S95: www.colegioaltue.cl | T95: Corporaciòn Educacional Cristo De La Misericordia | U95: -29.953421 | V95: -71.248123 | W95: MINEDUC, Ficha del Establecimiento (MIME), consulta 05.10.2026 | X95: PEI del establecimiento (MINEDUC) | Y95: Celular antiguo de 8 dígitos, se antepuso 9: verificar
A96: 92 | B96: 41099 | C96: Colegio de Jóvenes y Adultos Ossandón | D96: Particular subvencionado | E96: Adultos | F96: Urbana | G96: 439 | H96: Camila Alejandra Urrutia Zambra | I96: +56 51 275 1801 | J96: lseferino@gmail.com | K96: Ossandón 815 | L96: Sin información | M96: 2018 | N96: Resolución exenta 60 de fecha 16/01/2019 | O96: Por completar | S96: colegioossandon.cl | T96: Corporación Educacional Lihuen | U96: -29.964579 | V96: -71.345381 | W96: MINEDUC, Ficha del Establecimiento (MIME), consulta 05.10.2026 | X96: PEI del establecimiento (MINEDUC)
A97: 93 | B97: 40055 | C97: Esc. Esp. Trans. del Leng. Cordillera Sindemp | D97: Particular subvencionado | E97: Especial | F97: Urbana | G97: 141 | H97: Carolina Andrea Sexton Arancibia | I97: +56 51 226 9000 | J97: escuela.lenguaje.cordillera@gmail.com | K97: Las Pataguas 1265 | L97: 3 de marzo (inicio); gala de aniversario en junio | M97: 2008 | N97: Resolución exenta 1800 de fecha 29/06/2018 | O97: No aplica | T97: Corporacion Educacional Escuela Especial Cordillera Sindempart | U97: -29.97955 | V97: -71.33863 | W97: MINEDUC, Ficha del Establecimiento (MIME), consulta 05.10.2026 | X97: PEI del establecimiento (MINEDUC)
A98: 94 | B98: 13613 | C98: Esc. Esp. de Lenguaje Hispanoamericana | D98: Particular subvencionado | E98: Especial | F98: Urbana | G98: 57 | H98: Elizabeth Yessenia Hidalgo Santiagos | I98: +56 9 3575 9784 | J98: directora@escuelahispanoamericana.cl | K98: 11 De Septiembre 348, Sector San Juan | L98: Julio | M98: 2006 | N98: Resolución exenta 1815 de fecha 29/06/2018 | O98: No aplica | S98: www.escuelahispanoamericana.cl | T98: Escuela De Lenguaje Hispanoamericana Corporación Educacional | U98: -29.977905 | V98: -71.32853 | W98: MINEDUC, Ficha del Establecimiento (MIME), consulta 05.10.2026 | X98: PEI del establecimiento (MINEDUC)
A99: 95 | B99: 40322 | C99: Esc. Esp. de Trast. del Lenguaje Cordillera P | D99: Particular subvencionado | E99: Especial | F99: Urbana | G99: 134 | H99: Carolina Andrea Diaz Alday | I99: +56 51 227 8000 | J99: escuelacordilleraporvenir1@gmail.com | K99: Rio Huentelauquen 1500 | L99: 2 de marzo | M99: 2010 | N99: Resolución exenta 1801 de fecha 29/06/2018 | O99: No aplica | T99: Corporacion Educacional Escuela Especial Cordillera Porvenir | U99: -29.969617 | V99: -71.304102 | W99: MINEDUC, Ficha del Establecimiento (MIME), consulta 05.10.2026 | X99: PEI del establecimiento (MINEDUC) | Y99: Número antiguo de 6 dígitos, se antepuso 2: verificar
A100: 96 | B100: 13607 | C100: Esc. Especial de Lenguaje Alto del Miramar | D100: Particular subvencionado | E100: Especial | F100: Urbana | G100: 107 | H100: Estefanía Belén Segovia Bonilla | I100: +56 51 231 0583 | J100: directoraam2019@gmail.com | K100: Miramar Poniente 412, Parte Alta | L100: 3 de mayo | M100: 2006 | N100: Resolución exenta 1792 de fecha 29/06/2018 | O100: No aplica | T100: Corporación Educacional Perspectiva | U100: -29.946777 | V100: -71.35122 | W100: MINEDUC, Ficha del Establecimiento (MIME), consulta 05.10.2026 | X100: PEI del establecimiento (MINEDUC)
A101: 97 | B101: 13530 | C101: Esc. de Trast. Especificos de Leguaje Jose M | D101: Particular subvencionado | E101: Especial | F101: Urbana | G101: 92 | H101: Marcela Del Carmen González Campaña | I101: +56 51 232 2738 | J101: escueladelenguajejosemarti@hotmail.com | K101: Santiago Amengual 21, Poblacion San Juan | L101: 18 de junio | M101: 2004 | N101: Resolución exenta 1879 de fecha 29/06/2018 | O101: No aplica | T101: José Marti Corporacion Educacional | U101: -29.972258 | V101: -71.329155 | W101: MINEDUC, Ficha del Establecimiento (MIME), consulta 05.10.2026 | X101: PEI del establecimiento (MINEDUC)
...

Sheet Resumen
A1: Resumen de la base
A3: Dependencia | B3: Establecimientos | C3: Matrícula 2025 | D3: Con director informado | E3: Con aniversario (fecha o mes) | F3: Presidente/a CEAL informado | G3: CEAL por completar
A4: Pública (SLEP Puerto Cordillera) | B4: =COUNTIF(Base!$D$5:$D$169,A4) -> 39 | C4: =SUMIF(Base!$D$5:$D$169,A4,Base!$G$5:$G$169) -> 12879 | D4: =COUNTIFS(Base!$D$5:$D$169,A4,Base!$H$5:$H$169,"<>Sin información") -> 38 | E4: =COUNTIFS(Base!$D$5:$D$169,A4,Base!$L$5:$L$169,"<>Sin información") -> 34 | F4: =COUNTIFS(Base!$D$5:$D$169,A4,Base!$O$5:$O$169,"<>Por completar",Base!$O$5:$O$169,"<>No aplica") -> 38 | G4: =COUNTIFS(Base!$D$5:$D$169,A4,Base!$O$5:$O$169,"Por completar") -> 0
A5: Pública VTF (SLEP Puerto Cordillera) | B5: =COUNTIF(Base!$D$5:$D$169,A5) -> 9 | C5: =SUMIF(Base!$D$5:$D$169,A5,Base!$G$5:$G$169) -> 0 | D5: =COUNTIFS(Base!$D$5:$D$169,A5,Base!$H$5:$H$169,"<>Sin información") -> 9 | E5: =COUNTIFS(Base!$D$5:$D$169,A5,Base!$L$5:$L$169,"<>Sin información") -> 1 | F5: =COUNTIFS(Base!$D$5:$D$169,A5,Base!$O$5:$O$169,"<>Por completar",Base!$O$5:$O$169,"<>No aplica") -> 0 | G5: =COUNTIFS(Base!$D$5:$D$169,A5,Base!$O$5:$O$169,"Por completar") -> 0
A6: Particular subvencionado | B6: =COUNTIF(Base!$D$5:$D$169,A6) -> 95 | C6: =SUMIF(Base!$D$5:$D$169,A6,Base!$G$5:$G$169) -> 32690 | D6: =COUNTIFS(Base!$D$5:$D$169,A6,Base!$H$5:$H$169,"<>Sin información") -> 95 | E6: =COUNTIFS(Base!$D$5:$D$169,A6,Base!$L$5:$L$169,"<>Sin información") -> 30 | F6: =COUNTIFS(Base!$D$5:$D$169,A6,Base!$O$5:$O$169,"<>Por completar",Base!$O$5:$O$169,"<>No aplica") -> 0 | G6: =COUNTIFS(Base!$D$5:$D$169,A6,Base!$O$5:$O$169,"Por completar") -> 50
A7: Particular pagado | B7: =COUNTIF(Base!$D$5:$D$169,A7) -> 20 | C7: =SUMIF(Base!$D$5:$D$169,A7,Base!$G$5:$G$169) -> 2451 | D7: =COUNTIFS(Base!$D$5:$D$169,A7,Base!$H$5:$H$169,"<>Sin información") -> 14 | E7: =COUNTIFS(Base!$D$5:$D$169,A7,Base!$L$5:$L$169,"<>Sin información") -> 4 | F7: =COUNTIFS(Base!$D$5:$D$169,A7,Base!$O$5:$O$169,"<>Por completar",Base!$O$5:$O$169,"<>No aplica") -> 0 | G7: =COUNTIFS(Base!$D$5:$D$169,A7,Base!$O$5:$O$169,"Por completar") -> 6
A8: Educación superior TP (CFT) | B8: =COUNTIF(Base!$D$5:$D$169,A8) -> 1 | C8: =SUMIF(Base!$D$5:$D$169,A8,Base!$G$5:$G$169) -> 0 | D8: =COUNTIFS(Base!$D$5:$D$169,A8,Base!$H$5:$H$169,"<>Sin información") -> 1 | E8: =COUNTIFS(Base!$D$5:$D$169,A8,Base!$L$5:$L$169,"<>Sin información") -> 0 | F8: =COUNTIFS(Base!$D$5:$D$169,A8,Base!$O$5:$O$169,"<>Por completar",Base!$O$5:$O$169,"<>No aplica") -> 0 | G8: =COUNTIFS(Base!$D$5:$D$169,A8,Base!$O$5:$O$169,"Por completar") -> 1
A9: Educación superior universitaria (CRUCH) | B9: =COUNTIF(Base!$D$5:$D$169,A9) -> 1 | C9: =SUMIF(Base!$D$5:$D$169,A9,Base!$G$5:$G$169) -> 0 | D9: =COUNTIFS(Base!$D$5:$D$169,A9,Base!$H$5:$H$169,"<>Sin información") -> 1 | E9: =COUNTIFS(Base!$D$5:$D$169,A9,Base!$L$5:$L$169,"<>Sin información") -> 1 | F9: =COUNTIFS(Base!$D$5:$D$169,A9,Base!$O$5:$O$169,"<>Por completar",Base!$O$5:$O$169,"<>No aplica") -> 0 | G9: =COUNTIFS(Base!$D$5:$D$169,A9,Base!$O$5:$O$169,"Por completar") -> 1
A10: Total | B10: =SUM(B4:B9) -> 165 | C10: =SUM(C4:C9) -> 48020 | D10: =SUM(D4:D9) -> 158 | E10: =SUM(E4:E9) -> 70 | F10: =SUM(F4:F9) -> 38 | G10: =SUM(G4:G9) -> 58
A12: La matrícula excluye los jardines VTF, que no tienen RBD en el Directorio MINEDUC.
A13: Las instituciones de educación superior no informan matrícula por RBD; su matrícula queda en Observaciones de la hoja Base.

Sheet Fuentes y notas
A1: Fuentes
A2: Universo | B2: MINEDUC, Directorio Oficial de Establecimientos 2025 (datosabiertos.mineduc.cl), filtrado por comuna 4102 y estado "funcionando". Incluye 12 RBD sin matrícula 2025 (jardines particulares recién reconocidos, una sede de adultos y Escuela de Camarones).
A3: Contacto, establecimientos públicos | B3: SLEP Puerto Cordillera, página "Establecimientos Educacionales" (slepuertocordillera.gob.cl, última edición 07.05.2026). Correos decodificados de la página.
A4: Contacto, establecimientos particulares | B4: MINEDUC, Ficha del Establecimiento (mi.mineduc.cl), consultada el 05.10.2026. La información la carga cada director y puede estar desactualizada.
A5: Cambios de director | B5: SLEP Puerto Cordillera, noticia 04.05.2026: seis directores asumen por Alta Dirección Pública (cuatro en Coquimbo: IAC Estado de Israel, Liceo Diego Portales, Escuela República de Italia y Colegio Santa Cecilia). Se corrigieron en la base.
A6: Aniversarios | B6: Reseñas históricas de los Proyectos Educativos Institucionales (PEI) publicados en MINEDUC y noticias de aniversario del SLEP Puerto Cordillera. Donde no hay fecha de aniversario se indica "Sin información"; la columna de reconocimiento oficial es un dato distinto y no reemplaza al aniversario.
A7: Notas
A8: Teléfonos | B8: Se normalizaron a formato +56. Los números antiguos de 6 dígitos y los celulares de 8 dígitos se convirtieron según las reglas de numeración de 2013 y quedan marcados para verificar en Observaciones.
A9: Directores con dato distinto | B9: En 6 establecimientos públicos la tabla del SLEP y MIME muestran directores distintos (Cardenal Caro, Pablo Neruda, La Herradura, Mario Muñoz, República de Grecia y Claudio Arrau). Se dejó el dato más reciente que se pudo respaldar y se marcó para confirmar.
A10: Presidentes de CEAL | B10: Establecimientos públicos: se integró la nómina 2026 de presidentas y presidentes de centros de estudiantes y gobiernos estudiantiles del SLEP Puerto Cordillera (38 casos, cruzados por establecimiento con su RBD). Coincide con todos los establecimientos públicos de Coquimbo con matrícula; la Escuela de Camarones no figura porque no tuvo matrícula en 2025. Incluye dos escuelas especiales (Jean Piaget y Juan Sandoval) que antes figuraban como "No aplica". Particulares: no hay registro público y quedan 55 en amarillo ("Por completar"). Cuando el correo de la nómina es el institucional del establecimiento, se indica entre paréntesis.
A11: Resguardo de datos | B11: La nómina contiene nombres y correos personales de estudiantes, en su mayoría menores de edad. Usar solo para vinculación institucional, no difundir y no publicar la planilla (Ley 19.628 y Ley 21.719 sobre protección de datos personales). Para contactos formales, preferir el correo institucional del establecimiento con copia a la dirección.
A12: Fuera del universo | B12: No se incluyen los jardines JUNJI de administración directa ni los de Fundación Integra, que no tienen RBD MINEDUC. Tampoco los establecimientos del SLEP ubicados en Andacollo.
A13: Educación superior (23.10.2026) | B13: Se revisaron las sedes de centros de formación técnica (CFT), institutos profesionales (IP) y universidades de la conurbación. Dentro de la comuna de Coquimbo solo operan Ceduc UCN (CFT, casa central en Miraflores 475) y la Universidad Católica del Norte (Campus Guayacán). No hay ningún IP con sede en la comuna. Fuentes: ceduc.cl; Coquimbo Noticias (12.03.2026 y 21.08.2026); El Coquimbano (14.03.2025 y 24.03.2026); Noticias UCN, acreditación Ceduc 2021. El listado de sedes de SIES/MINEDUC no estuvo disponible en línea al momento de la consulta: conviene cruzarlo cuando se publique la matrícula 2026.
A14: Educación superior fuera de la comuna | B14: Funcionan en La Serena y por eso no se incluyen: INACAP, IP y CFT Santo Tomás (Ruta 5 Norte 1068 y Libertad 579), IP AIEP (Huanhuali 105), IP Valle Central (Lautaro 950), CFT Juan Bohon (Balmaceda 2299) y la Universidad de La Serena. El CFT Estatal Región de Coquimbo tiene su casa central en Ovalle; con el municipio conversa la instalación de una sede en Coquimbo, todavía en etapa inicial.
